pdbid,resname,chi1,cluster_label,resid,helix
3ERDA,HIE524,189.31655883789065,0,524,H11
1EREA,HIE524,176.06080627441406,0,524,H11
1EREB,HIE524,177.12193298339844,0,524,H11
1EREC,HIE524,179.5223388671875,0,524,H11
1ERED,HIE524,176.0640869140625,0,524,H11
1EREE,HIE524,178.76678466796875,0,524,H11
1EREF,HIE524,179.32362365722656,0,524,H11
1ERRA,HIE524,160.6254425048828,0,524,H11
1ERRB,HIE524,174.13462829589844,0,524,H11
1G50A,HIE524,174.9638214111328,0,524,H11
1G50B,HIE524,181.13917541503903,0,524,H11
1G50C,HIE524,180.8081817626953,0,524,H11
1GWQA,HIE524,186.88983154296875,0,524,H11
1GWQB,HIE524,187.6973876953125,0,524,H11
1GWRA,HIE524,181.94268798828125,0,524,H11
1GWRB,HIE524,184.685546875,0,524,H11
1L2IA,HIE524,179.16537475585938,0,524,H11
1L2IB,HIE524,179.8916473388672,0,524,H11
1QKUA,HIE524,177.3600311279297,0,524,H11
1QKUB,HIE524,178.528076171875,0,524,H11
1QKUC,HIE524,176.9945526123047,0,524,H11
1R5KA,HIE524,285.33131408691406,1,524,H11
1R5KB,HIE524,185.85888671875,0,524,H11
1R5KC,HIE524,283.0402297973633,1,524,H11
1SJ0A,HIE524,180.24708557128903,0,524,H11
1XP1A,HIE524,180.879150390625,0,524,H11
1XP6A,HIE524,181.54153442382807,0,524,H11
1XP9A,HIE524,183.2533569335937,0,524,H11
1XPCA,HIE524,178.7036590576172,0,524,H11
1YIMA,HIE524,181.95083618164065,0,524,H11
1YINA,HIE524,194.8030242919922,0,524,H11
2IOGA,HIE524,297.3636665344238,1,524,H11
2IOKA,HIE524,315.2024726867676,1,524,H11
2IOKB,HIE524,224.4620819091797,0,524,H11
2OUZA,HIE524,198.3820953369141,0,524,H11
2YJAB,HIE524,182.6015014648437,0,524,H11
3DT3A,HIE524,190.25094604492188,0,524,H11
3DT3B,HIE524,186.061752319336,0,524,H11
3ERDB,HIE524,180.6884307861328,0,524,H11
3ERTA,HIE524,299.1191635131836,1,524,H11
3UUCA,HIE524,174.17269897460938,0,524,H11
3UUCB,HIE524,298.75471115112305,1,524,H11
3UUCC,HIE524,176.80352783203125,0,524,H11
3UUCD,HIE524,83.8515396118164,0,524,H11
5GS4A,HIE524,178.25079345703125,0,524,H11
5GTRA,HIE524,186.2796936035156,0,524,H11
3ERDA,MET343,282.2223663330078,1,343,H4
1EREA,MET343,280.9333190917969,1,343,H4
1EREB,MET343,280.0951919555664,1,343,H4
1EREC,MET343,282.0020980834961,1,343,H4
1ERED,MET343,283.9812927246094,1,343,H4
1EREE,MET343,282.0990753173828,1,343,H4
1EREF,MET343,279.9443130493164,1,343,H4
1ERRA,MET343,274.2996139526367,1,343,H4
1ERRB,MET343,268.3842239379883,1,343,H4
1G50A,MET343,259.09180450439453,1,343,H4
1G50B,MET343,268.68555450439453,1,343,H4
1G50C,MET343,267.8302230834961,1,343,H4
1GWQA,MET343,282.7824478149414,1,343,H4
1GWQB,MET343,281.2158966064453,1,343,H4
1GWRA,MET343,298.52924728393555,1,343,H4
1GWRB,MET343,288.2621765136719,1,343,H4
1L2IA,MET343,290.7172317504883,1,343,H4
1L2IB,MET343,285.4156494140625,1,343,H4
1QKUA,MET343,275.33971405029297,1,343,H4
1QKUB,MET343,275.3648681640625,1,343,H4
1QKUC,MET343,275.1610641479492,1,343,H4
1R5KA,MET343,281.0655059814453,1,343,H4
1R5KB,MET343,272.0387649536133,1,343,H4
1R5KC,MET343,288.1395492553711,1,343,H4
1SJ0A,MET343,194.94747924804688,0,343,H4
1XP1A,MET343,180.4029998779297,0,343,H4
1XP6A,MET343,179.30506896972656,0,343,H4
1XP9A,MET343,184.71600341796875,0,343,H4
1XPCA,MET343,189.2103881835937,0,343,H4
1YIMA,MET343,182.31358337402344,0,343,H4
1YINA,MET343,182.4058990478516,0,343,H4
2IOGA,MET343,303.7122497558594,1,343,H4
2IOKA,MET343,206.80776977539065,0,343,H4
2IOKB,MET343,196.80963134765625,0,343,H4
2OUZA,MET343,185.9381256103516,0,343,H4
2YJAB,MET343,281.90258026123047,1,343,H4
3DT3A,MET343,270.25645446777344,1,343,H4
3DT3B,MET343,203.21925354003903,0,343,H4
3ERDB,MET343,288.0641098022461,1,343,H4
3ERTA,MET343,236.5635587518865,1,343,H4
3UUCA,MET343,278.9483413696289,1,343,H4
3UUCB,MET343,297.9134216308594,1,343,H4
3UUCC,MET343,285.9640274047852,1,343,H4
3UUCD,MET343,297.59993743896484,1,343,H4
5GS4A,MET343,284.0684127807617,1,343,H4
5GTRA,MET343,273.0112991333008,1,343,H4
3ERDA,GLU353,284.2632064819336,1,353,H4
1EREA,GLU353,317.6080551147461,1,353,H4
1EREB,GLU353,312.9587478637696,1,353,H4
1EREC,GLU353,311.6428565979004,1,353,H4
1ERED,GLU353,311.71031188964844,1,353,H4
1EREE,GLU353,309.59265899658203,1,353,H4
1EREF,GLU353,316.4588928222656,1,353,H4
1ERRA,GLU353,301.63776779174805,1,353,H4
1ERRB,GLU353,294.9648895263672,1,353,H4
1G50A,GLU353,291.4050369262696,1,353,H4
1G50B,GLU353,192.2084197998047,0,353,H4
1G50C,GLU353,192.09353637695312,0,353,H4
1GWQA,GLU353,294.56944274902344,1,353,H4
1GWQB,GLU353,295.6447525024414,1,353,H4
1GWRA,GLU353,315.5225257873535,1,353,H4
1GWRB,GLU353,306.9262084960937,1,353,H4
1L2IA,GLU353,282.89356231689453,1,353,H4
1L2IB,GLU353,279.69854736328125,1,353,H4
1QKUA,GLU353,194.4349670410156,0,353,H4
1QKUB,GLU353,193.9586639404297,0,353,H4
1QKUC,GLU353,194.2802734375,0,353,H4
1R5KA,GLU353,280.0012512207031,1,353,H4
1R5KB,GLU353,214.60842895507807,0,353,H4
1R5KC,GLU353,226.43458557128903,0,353,H4
1SJ0A,GLU353,278.30428314208984,1,353,H4
1XP1A,GLU353,276.2941589355469,1,353,H4
1XP6A,GLU353,280.0624771118164,1,353,H4
1XP9A,GLU353,282.5228805541992,1,353,H4
1XPCA,GLU353,274.54195404052734,1,353,H4
1YIMA,GLU353,281.43445587158203,1,353,H4
1YINA,GLU353,289.1278610229492,1,353,H4
2IOGA,GLU353,290.48421478271484,1,353,H4
2IOKA,GLU353,233.2227554321289,0,353,H4
2IOKB,GLU353,231.1504821777344,0,353,H4
2OUZA,GLU353,283.2860870361328,1,353,H4
2YJAB,GLU353,288.0352096557617,1,353,H4
3DT3A,GLU353,280.98016357421875,1,353,H4
3DT3B,GLU353,285.23683166503906,1,353,H4
3ERDB,GLU353,291.47887420654297,1,353,H4
3ERTA,GLU353,271.8644027709961,1,353,H4
3UUCA,GLU353,281.9325637817383,1,353,H4
3UUCB,GLU353,293.7259979248047,1,353,H4
3UUCC,GLU353,291.3167037963867,1,353,H4
3UUCD,GLU353,291.59165954589844,1,353,H4
5GS4A,GLU353,303.91176986694336,1,353,H4
5GTRA,GLU353,295.4265213012696,1,353,H4
3ERDA,ILE424,306.10864639282227,1,424,H8
1EREA,ILE424,295.21669006347656,1,424,H8
1EREB,ILE424,292.00074768066406,1,424,H8
1EREC,ILE424,293.8845901489258,1,424,H8
1ERED,ILE424,294.2911529541016,1,424,H8
1EREE,ILE424,296.06667709350586,1,424,H8
1EREF,ILE424,295.05863189697266,1,424,H8
1ERRA,ILE424,332.3122863769531,1,424,H8
1ERRB,ILE424,300.8870620727539,1,424,H8
1G50A,ILE424,306.1740531921387,1,424,H8
1G50B,ILE424,300.5674171447754,1,424,H8
1G50C,ILE424,301.5506782531738,1,424,H8
1GWQA,ILE424,316.5811653137207,1,424,H8
1GWQB,ILE424,313.46503829956055,1,424,H8
1GWRA,ILE424,296.1994209289551,1,424,H8
1GWRB,ILE424,297.525333404541,1,424,H8
1L2IA,ILE424,300.52565002441406,1,424,H8
1L2IB,ILE424,300.02544021606445,1,424,H8
1QKUA,ILE424,298.72309494018555,1,424,H8
1QKUB,ILE424,298.05221939086914,1,424,H8
1QKUC,ILE424,299.31373596191406,1,424,H8
1R5KA,ILE424,294.930908203125,1,424,H8
1R5KB,ILE424,287.64410400390625,1,424,H8
1R5KC,ILE424,290.2664794921875,1,424,H8
1SJ0A,ILE424,318.3777046203613,1,424,H8
1XP1A,ILE424,315.244815826416,1,424,H8
1XP6A,ILE424,308.77186584472656,1,424,H8
1XP9A,ILE424,318.7867088317871,1,424,H8
1XPCA,ILE424,313.43719482421875,1,424,H8
1YIMA,ILE424,309.79975509643555,1,424,H8
1YINA,ILE424,320.9422035217285,1,424,H8
2IOGA,ILE424,300.50316619873047,1,424,H8
2IOKA,ILE424,328.3906764984131,1,424,H8
2IOKB,ILE424,324.4347038269043,1,424,H8
2OUZA,ILE424,283.24440002441406,1,424,H8
2YJAB,ILE424,296.4745407104492,1,424,H8
3DT3A,ILE424,297.6334114074707,1,424,H8
3DT3B,ILE424,292.02796173095703,1,424,H8
3ERDB,ILE424,62.2494010925293,0,424,H8
3ERTA,ILE424,195.78466796875,0,424,H8
3UUCA,ILE424,301.78941345214844,1,424,H8
3UUCB,ILE424,301.0300598144531,1,424,H8
3UUCC,ILE424,305.98055267333984,1,424,H8
3UUCD,ILE424,326.2299995422363,1,424,H8
5GS4A,ILE424,288.8876190185547,1,424,H8
5GTRA,ILE424,291.6441192626953,1,424,H8
3ERDA,THR347,56.1225700378418,0,347,H4
1EREA,THR347,247.1836853027344,1,347,H4
1EREB,THR347,247.85140228271484,1,347,H4
1EREC,THR347,244.41134643554688,1,347,H4
1ERED,THR347,248.5710525512696,1,347,H4
1EREE,THR347,243.5523376464844,1,347,H4
1EREF,THR347,246.9474639892578,1,347,H4
1ERRA,THR347,309.3311882019043,1,347,H4
1ERRB,THR347,308.91991806030273,1,347,H4
1G50A,THR347,79.421875,0,347,H4
1G50B,THR347,56.53062438964844,0,347,H4
1G50C,THR347,57.63985824584961,0,347,H4
1GWQA,THR347,242.2497100830078,1,347,H4
1GWQB,THR347,267.1557388305664,1,347,H4
1GWRA,THR347,261.64239501953125,1,347,H4
1GWRB,THR347,257.2076187133789,1,347,H4
1L2IA,THR347,54.297454833984375,0,347,H4
1L2IB,THR347,55.36220932006836,0,347,H4
1QKUA,THR347,60.25655746459961,0,347,H4
1QKUB,THR347,56.95806121826172,0,347,H4
1QKUC,THR347,59.808837890625,0,347,H4
1R5KA,THR347,303.53916931152344,1,347,H4
1R5KB,THR347,301.1222457885742,1,347,H4
1R5KC,THR347,297.30828857421875,1,347,H4
1SJ0A,THR347,293.4362869262696,1,347,H4
1XP1A,THR347,304.66242599487305,1,347,H4
1XP6A,THR347,299.26435470581055,1,347,H4
1XP9A,THR347,301.82138442993164,1,347,H4
1XPCA,THR347,296.6656074523926,1,347,H4
1YIMA,THR347,296.865665435791,1,347,H4
1YINA,THR347,300.20558166503906,1,347,H4
2IOGA,THR347,293.5316390991211,1,347,H4
2IOKA,THR347,297.82386016845703,1,347,H4
2IOKB,THR347,298.13670349121094,1,347,H4
2OUZA,THR347,296.13642501831055,1,347,H4
2YJAB,THR347,56.39150619506836,0,347,H4
3DT3A,THR347,307.3751220703125,1,347,H4
3DT3B,THR347,294.4300231933594,1,347,H4
3ERDB,THR347,65.66715240478516,0,347,H4
3ERTA,THR347,185.7265625,1,347,H4
3UUCA,THR347,296.108642578125,1,347,H4
3UUCB,THR347,296.4382133483887,1,347,H4
3UUCC,THR347,300.25545501708984,1,347,H4
3UUCD,THR347,299.2352638244629,1,347,H4
5GS4A,THR347,57.97280883789063,0,347,H4
5GTRA,THR347,330.5219421386719,1,347,H4
3ERDA,LEU346,292.4234390258789,0,346,H4
1EREA,LEU346,286.0964050292969,0,346,H4
1EREB,LEU346,286.62522888183594,0,346,H4
1EREC,LEU346,284.8172912597656,0,346,H4
1ERED,LEU346,281.8745574951172,0,346,H4
1EREE,LEU346,285.01757049560547,0,346,H4
1EREF,LEU346,283.1853790283203,0,346,H4
1ERRA,LEU346,300.37524795532227,0,346,H4
1ERRB,LEU346,298.0294761657715,0,346,H4
1G50A,LEU346,302.0169334411621,0,346,H4
1G50B,LEU346,294.2940139770508,0,346,H4
1G50C,LEU346,293.7684326171875,0,346,H4
1GWQA,LEU346,304.0760040283203,0,346,H4
1GWQB,LEU346,304.9753074645996,0,346,H4
1GWRA,LEU346,307.5396308898926,0,346,H4
1GWRB,LEU346,310.337516784668,0,346,H4
1L2IA,LEU346,296.16669845581055,0,346,H4
1L2IB,LEU346,297.4340515136719,0,346,H4
1QKUA,LEU346,298.91772079467773,0,346,H4
1QKUB,LEU346,298.7076721191406,0,346,H4
1QKUC,LEU346,298.80953216552734,0,346,H4
1R5KA,LEU346,305.15816497802734,0,346,H4
1R5KB,LEU346,301.7742004394531,0,346,H4
1R5KC,LEU346,303.3267135620117,0,346,H4
1SJ0A,LEU346,298.3754463195801,0,346,H4
1XP1A,LEU346,294.4487075805664,0,346,H4
1XP6A,LEU346,294.8484802246094,0,346,H4
1XP9A,LEU346,294.7225646972656,0,346,H4
1XPCA,LEU346,300.0702209472656,0,346,H4
1YIMA,LEU346,297.0935134887696,0,346,H4
1YINA,LEU346,297.8189811706543,0,346,H4
2IOGA,LEU346,295.4608688354492,0,346,H4
2IOKA,LEU346,274.6386489868164,0,346,H4
2IOKB,LEU346,284.1853103637696,0,346,H4
2OUZA,LEU346,299.0800552368164,0,346,H4
2YJAB,LEU346,298.04633712768555,0,346,H4
3DT3A,LEU346,291.62127685546875,0,346,H4
3DT3B,LEU346,305.86840057373047,0,346,H4
3ERDB,LEU346,294.4535598754883,0,346,H4
3ERTA,LEU346,300.85387420654297,0,346,H4
3UUCA,LEU346,301.3882942199707,0,346,H4
3UUCB,LEU346,293.2004623413086,0,346,H4
3UUCC,LEU346,298.4224967956543,0,346,H4
3UUCD,LEU346,293.9629669189453,0,346,H4
5GS4A,LEU346,304.362548828125,0,346,H4
5GTRA,LEU346,318.5939216613769,0,346,H4
3ERDA,MET421,180.2390289306641,1,421,H8
1EREA,MET421,264.72513580322266,2,421,H8
1EREB,MET421,263.9726028442383,2,421,H8
1EREC,MET421,267.70542907714844,2,421,H8
1ERED,MET421,268.87498474121094,2,421,H8
1EREE,MET421,266.98925018310547,2,421,H8
1EREF,MET421,266.9093322753906,2,421,H8
1ERRA,MET421,43.43080139160156,0,421,H8
1ERRB,MET421,197.52813720703125,1,421,H8
1G50A,MET421,189.51258850097656,1,421,H8
1G50B,MET421,185.3860015869141,1,421,H8
1G50C,MET421,185.37811279296875,1,421,H8
1GWQA,MET421,197.6595764160156,1,421,H8
1GWQB,MET421,194.0690460205078,1,421,H8
1GWRA,MET421,170.51730346679688,1,421,H8
1GWRB,MET421,182.316635131836,1,421,H8
1L2IA,MET421,189.2934417724609,1,421,H8
1L2IB,MET421,188.83973693847656,1,421,H8
1QKUA,MET421,179.98020935058594,1,421,H8
1QKUB,MET421,180.0,1,421,H8
1QKUC,MET421,180.6869964599609,1,421,H8
1R5KA,MET421,186.3507843017578,1,421,H8
1R5KB,MET421,198.9424285888672,1,421,H8
1R5KC,MET421,178.74679565429688,1,421,H8
1SJ0A,MET421,184.25027465820312,1,421,H8
1XP1A,MET421,193.8827667236328,1,421,H8
1XP6A,MET421,199.49269104003903,1,421,H8
1XP9A,MET421,191.2711944580078,1,421,H8
1XPCA,MET421,195.9249725341797,1,421,H8
1YIMA,MET421,184.9425201416016,1,421,H8
1YINA,MET421,172.24664306640625,1,421,H8
2IOGA,MET421,195.81935119628903,1,421,H8
2IOKA,MET421,309.66382217407227,2,421,H8
2IOKB,MET421,302.7761535644531,2,421,H8
2OUZA,MET421,251.738525390625,2,421,H8
2YJAB,MET421,181.21014404296875,1,421,H8
3DT3A,MET421,182.99343872070312,1,421,H8
3DT3B,MET421,192.5550231933593,1,421,H8
3ERDB,MET421,194.3009185791016,1,421,H8
3ERTA,MET421,174.6991424560547,1,421,H8
3UUCA,MET421,294.03965759277344,2,421,H8
3UUCB,MET421,219.6454315185547,1,421,H8
3UUCC,MET421,294.28458404541016,2,421,H8
3UUCD,MET421,297.26253509521484,2,421,H8
5GS4A,MET421,181.5915069580078,1,421,H8
5GTRA,MET421,165.65818786621094,1,421,H8
3ERDA,PHE425,269.4269790649414,1,425,H8
1EREA,PHE425,269.96148681640625,1,425,H8
1EREB,PHE425,271.36199951171875,1,425,H8
1EREC,PHE425,271.4520721435547,1,425,H8
1ERED,PHE425,269.1681137084961,1,425,H8
1EREE,PHE425,272.8421325683594,1,425,H8
1EREF,PHE425,271.9932556152344,1,425,H8
1ERRA,PHE425,205.36715698242188,0,425,H8
1ERRB,PHE425,206.99229431152344,0,425,H8
1G50A,PHE425,266.43809509277344,1,425,H8
1G50B,PHE425,278.15943908691406,1,425,H8
1G50C,PHE425,278.48070526123047,1,425,H8
1GWQA,PHE425,273.1380081176758,1,425,H8
1GWQB,PHE425,276.53028106689453,1,425,H8
1GWRA,PHE425,271.3118133544922,1,425,H8
1GWRB,PHE425,271.4157409667969,1,425,H8
1L2IA,PHE425,271.3318176269531,1,425,H8
1L2IB,PHE425,269.7998504638672,1,425,H8
1QKUA,PHE425,267.75106048583984,1,425,H8
1QKUB,PHE425,268.4406051635742,1,425,H8
1QKUC,PHE425,267.51710510253906,1,425,H8
1R5KA,PHE425,270.6935195922852,1,425,H8
1R5KB,PHE425,269.9024353027344,1,425,H8
1R5KC,PHE425,266.25282287597656,1,425,H8
1SJ0A,PHE425,266.0228881835937,1,425,H8
1XP1A,PHE425,268.43204498291016,1,425,H8
1XP6A,PHE425,267.32447814941406,1,425,H8
1XP9A,PHE425,271.33087158203125,1,425,H8
1XPCA,PHE425,268.4450149536133,1,425,H8
1YIMA,PHE425,267.1004943847656,1,425,H8
1YINA,PHE425,263.20135498046875,1,425,H8
2IOGA,PHE425,276.2748031616211,1,425,H8
2IOKA,PHE425,253.0540466308593,1,425,H8
2IOKB,PHE425,255.4234161376953,1,425,H8
2OUZA,PHE425,211.42909240722656,0,425,H8
2YJAB,PHE425,268.63438415527344,1,425,H8
3DT3A,PHE425,207.824462890625,0,425,H8
3DT3B,PHE425,266.54136657714844,1,425,H8
3ERDB,PHE425,275.07076263427734,1,425,H8
3ERTA,PHE425,286.5419921875,1,425,H8
3UUCA,PHE425,287.3620300292969,1,425,H8
3UUCB,PHE425,279.9535598754883,1,425,H8
3UUCC,PHE425,280.0524215698242,1,425,H8
3UUCD,PHE425,278.78694915771484,1,425,H8
5GS4A,PHE425,277.8268280029297,1,425,H8
5GTRA,PHE425,275.2840118408203,1,425,H8
3ERDA,TRP383,73.55314636230469,0,383,H6
1EREA,TRP383,75.5344009399414,0,383,H6
1EREB,TRP383,74.88622283935547,0,383,H6
1EREC,TRP383,74.01482391357422,0,383,H6
1ERED,TRP383,76.4131851196289,0,383,H6
1EREE,TRP383,76.85942077636719,0,383,H6
1EREF,TRP383,76.01043701171875,0,383,H6
1ERRA,TRP383,76.30624389648438,0,383,H6
1ERRB,TRP383,83.36178588867188,0,383,H6
1G50A,TRP383,75.07193756103516,0,383,H6
1G50B,TRP383,71.26740264892578,0,383,H6
1G50C,TRP383,71.64517974853516,0,383,H6
1GWQA,TRP383,79.00804138183594,0,383,H6
1GWQB,TRP383,72.98062896728516,0,383,H6
1GWRA,TRP383,76.487548828125,0,383,H6
1GWRB,TRP383,72.0509262084961,0,383,H6
1L2IA,TRP383,70.88124084472656,0,383,H6
1L2IB,TRP383,72.65535736083984,0,383,H6
1QKUA,TRP383,74.31893157958984,0,383,H6
1QKUB,TRP383,73.61493682861328,0,383,H6
1QKUC,TRP383,73.50724029541016,0,383,H6
1R5KA,TRP383,71.19220733642578,0,383,H6
1R5KB,TRP383,70.6998519897461,0,383,H6
1R5KC,TRP383,68.01048278808594,0,383,H6
1SJ0A,TRP383,71.31910705566406,0,383,H6
1XP1A,TRP383,70.92428588867188,0,383,H6
1XP6A,TRP383,69.65666961669922,0,383,H6
1XP9A,TRP383,68.75621032714844,0,383,H6
1XPCA,TRP383,70.65654754638672,0,383,H6
1YIMA,TRP383,68.85826873779297,0,383,H6
1YINA,TRP383,71.92008209228516,0,383,H6
2IOGA,TRP383,68.65020751953125,0,383,H6
2IOKA,TRP383,59.57856369018555,0,383,H6
2IOKB,TRP383,63.33635711669922,0,383,H6
2OUZA,TRP383,63.98695373535156,0,383,H6
2YJAB,TRP383,73.45091247558594,0,383,H6
3DT3A,TRP383,68.78475952148438,0,383,H6
3DT3B,TRP383,67.85956573486328,0,383,H6
3ERDB,TRP383,71.56195068359375,0,383,H6
3ERTA,TRP383,185.51084899902344,1,383,H6
3UUCA,TRP383,73.04064178466797,0,383,H6
3UUCB,TRP383,71.97333526611328,0,383,H6
3UUCC,TRP383,71.12026977539062,0,383,H6
3UUCD,TRP383,70.71942901611328,0,383,H6
5GS4A,TRP383,68.05097961425781,0,383,H6
5GTRA,TRP383,73.48204040527344,0,383,H6
3ERDA,PHE404,286.7426071166992,0,404,S
1EREA,PHE404,283.9894332885742,0,404,S
1EREB,PHE404,287.73902893066406,0,404,S
1EREC,PHE404,287.37386322021484,0,404,S
1ERED,PHE404,287.3741912841797,0,404,S
1EREE,PHE404,285.1217346191406,0,404,S
1EREF,PHE404,285.6606216430664,0,404,S
1ERRA,PHE404,281.9073715209961,0,404,S
1ERRB,PHE404,291.68172454833984,0,404,S
1G50A,PHE404,269.6858901977539,0,404,S
1G50B,PHE404,281.7301406860352,0,404,S
1G50C,PHE404,282.32947540283203,0,404,S
1GWQA,PHE404,280.0315475463867,0,404,S
1GWQB,PHE404,285.1979293823242,0,404,S
1GWRA,PHE404,285.33531951904297,0,404,S
1GWRB,PHE404,283.23077392578125,0,404,S
1L2IA,PHE404,281.0222244262696,0,404,S
1L2IB,PHE404,283.4963150024414,0,404,S
1QKUA,PHE404,278.4090347290039,0,404,S
1QKUB,PHE404,278.6627197265625,0,404,S
1QKUC,PHE404,279.350341796875,0,404,S
1R5KA,PHE404,285.6681823730469,0,404,S
1R5KB,PHE404,281.5524139404297,0,404,S
1R5KC,PHE404,285.82054901123047,0,404,S
1SJ0A,PHE404,289.7276306152344,0,404,S
1XP1A,PHE404,284.43762969970703,0,404,S
1XP6A,PHE404,285.2214813232422,0,404,S
1XP9A,PHE404,284.02429962158203,0,404,S
1XPCA,PHE404,289.3838119506836,0,404,S
1YIMA,PHE404,279.05751037597656,0,404,S
1YINA,PHE404,283.9045715332031,0,404,S
2IOGA,PHE404,277.8986358642578,0,404,S
2IOKA,PHE404,276.28271484375,0,404,S
2IOKB,PHE404,288.8321914672852,0,404,S
2OUZA,PHE404,286.69798278808594,0,404,S
2YJAB,PHE404,280.54695892333984,0,404,S
3DT3A,PHE404,284.4559936523437,0,404,S
3DT3B,PHE404,284.1471939086914,0,404,S
3ERDB,PHE404,289.5738754272461,0,404,S
3ERTA,PHE404,284.848690032959,0,404,S
3UUCA,PHE404,290.92979431152344,0,404,S
3UUCB,PHE404,288.08003997802734,0,404,S
3UUCC,PHE404,282.7471237182617,0,404,S
3UUCD,PHE404,284.2123336791992,0,404,S
5GS4A,PHE404,285.6212921142578,0,404,S
5GTRA,PHE404,289.5400390625,0,404,S
3ERDA,LEU428,286.9229278564453,0,428,H8
1EREA,LEU428,287.21435546875,0,428,H8
1EREB,LEU428,287.41698455810547,0,428,H8
1EREC,LEU428,290.6941146850586,0,428,H8
1ERED,LEU428,291.2493209838867,0,428,H8
1EREE,LEU428,291.10768127441406,0,428,H8
1EREF,LEU428,288.50416564941406,0,428,H8
1ERRA,LEU428,288.70446014404297,0,428,H8
1ERRB,LEU428,290.9043273925781,0,428,H8
1G50A,LEU428,285.0167999267578,0,428,H8
1G50B,LEU428,280.7222671508789,0,428,H8
1G50C,LEU428,280.71610260009766,0,428,H8
1GWQA,LEU428,287.1253890991211,0,428,H8
1GWQB,LEU428,287.92320251464844,0,428,H8
1GWRA,LEU428,298.80938720703125,0,428,H8
1GWRB,LEU428,298.8512954711914,0,428,H8
1L2IA,LEU428,286.3847122192383,0,428,H8
1L2IB,LEU428,290.24552154541016,0,428,H8
1QKUA,LEU428,279.459587097168,0,428,H8
1QKUB,LEU428,279.07334899902344,0,428,H8
1QKUC,LEU428,278.9568176269531,0,428,H8
1R5KA,LEU428,289.08104705810547,0,428,H8
1R5KB,LEU428,294.60706329345703,0,428,H8
1R5KC,LEU428,285.47607421875,0,428,H8
1SJ0A,LEU428,292.30811309814453,0,428,H8
1XP1A,LEU428,294.16307830810547,0,428,H8
1XP6A,LEU428,291.9738464355469,0,428,H8
1XP9A,LEU428,290.6590270996094,0,428,H8
1XPCA,LEU428,292.7769241333008,0,428,H8
1YIMA,LEU428,291.9240798950196,0,428,H8
1YINA,LEU428,296.40811920166016,0,428,H8
2IOGA,LEU428,292.1121826171875,0,428,H8
2IOKA,LEU428,275.91822814941406,0,428,H8
2IOKB,LEU428,277.6883010864258,0,428,H8
2OUZA,LEU428,289.6334686279297,0,428,H8
2YJAB,LEU428,289.1278839111328,0,428,H8
3DT3A,LEU428,288.7547302246094,0,428,H8
3DT3B,LEU428,289.3949203491211,0,428,H8
3ERDB,LEU428,297.2022514343262,0,428,H8
3ERTA,LEU428,291.6146774291992,0,428,H8
3UUCA,LEU428,286.2833480834961,0,428,H8
3UUCB,LEU428,292.15465545654297,0,428,H8
3UUCC,LEU428,292.33077239990234,0,428,H8
3UUCD,LEU428,291.8754348754883,0,428,H8
5GS4A,LEU428,291.13291931152344,0,428,H8
5GTRA,LEU428,285.15279388427734,0,428,H8
3ERDA,LEU387,283.2914123535156,1,387,H6
1EREA,LEU387,278.5493469238281,1,387,H6
1EREB,LEU387,286.5958709716797,1,387,H6
1EREC,LEU387,284.9801025390625,1,387,H6
1ERED,LEU387,286.5876541137696,1,387,H6
1EREE,LEU387,281.83924102783203,1,387,H6
1EREF,LEU387,281.6790466308594,1,387,H6
1ERRA,LEU387,292.74884033203125,1,387,H6
1ERRB,LEU387,276.896598815918,1,387,H6
1G50A,LEU387,289.7755508422852,1,387,H6
1G50B,LEU387,265.72855377197266,1,387,H6
1G50C,LEU387,265.8120651245117,1,387,H6
1GWQA,LEU387,297.0590400695801,1,387,H6
1GWQB,LEU387,290.8985137939453,1,387,H6
1GWRA,LEU387,288.1895980834961,1,387,H6
1GWRB,LEU387,290.8274230957031,1,387,H6
1L2IA,LEU387,284.1985778808594,1,387,H6
1L2IB,LEU387,285.8736801147461,1,387,H6
1QKUA,LEU387,276.21341705322266,1,387,H6
1QKUB,LEU387,274.6495819091797,1,387,H6
1QKUC,LEU387,276.84745025634766,1,387,H6
1R5KA,LEU387,298.4236640930176,1,387,H6
1R5KB,LEU387,254.48694610595703,1,387,H6
1R5KC,LEU387,251.25492095947263,1,387,H6
1SJ0A,LEU387,281.3230743408203,1,387,H6
1XP1A,LEU387,291.8811798095703,1,387,H6
1XP6A,LEU387,288.39735412597656,1,387,H6
1XP9A,LEU387,288.2844772338867,1,387,H6
1XPCA,LEU387,288.8462677001953,1,387,H6
1YIMA,LEU387,289.1591262817383,1,387,H6
1YINA,LEU387,286.9530487060547,1,387,H6
2IOGA,LEU387,293.8653335571289,1,387,H6
2IOKA,LEU387,287.71414947509766,1,387,H6
2IOKB,LEU387,290.8236312866211,1,387,H6
2OUZA,LEU387,293.0278015136719,1,387,H6
2YJAB,LEU387,289.11720275878906,1,387,H6
3DT3A,LEU387,286.3482208251953,1,387,H6
3DT3B,LEU387,284.8974151611328,1,387,H6
3ERDB,LEU387,196.995834350586,0,387,H6
3ERTA,LEU387,287.7932891845703,1,387,H6
3UUCA,LEU387,277.7001342773437,1,387,H6
3UUCB,LEU387,287.8433609008789,1,387,H6
3UUCC,LEU387,288.3058090209961,1,387,H6
3UUCD,LEU387,284.3981094360352,1,387,H6
5GS4A,LEU387,298.5998420715332,1,387,H6
5GTRA,LEU387,283.6481170654297,1,387,H6
3ERDA,ASP351,193.48602294921875,0,351,H4
1EREA,ASP351,184.33807373046875,0,351,H4
1EREB,ASP351,181.9224548339844,0,351,H4
1EREC,ASP351,182.11376953125,0,351,H4
1ERED,ASP351,182.6019592285156,0,351,H4
1EREE,ASP351,182.3679351806641,0,351,H4
1EREF,ASP351,184.12977600097656,0,351,H4
1ERRA,ASP351,292.17504119873047,1,351,H4
1ERRB,ASP351,285.4386901855469,1,351,H4
1G50A,ASP351,182.2799224853516,0,351,H4
1G50B,ASP351,184.0165405273437,0,351,H4
1G50C,ASP351,183.99327087402344,0,351,H4
1GWQA,ASP351,185.03260803222656,0,351,H4
1GWQB,ASP351,181.95594787597656,0,351,H4
1GWRA,ASP351,186.5264129638672,0,351,H4
1GWRB,ASP351,189.03794860839844,0,351,H4
1L2IA,ASP351,195.41702270507807,0,351,H4
1L2IB,ASP351,198.94461059570312,0,351,H4
1QKUA,ASP351,179.72303771972656,0,351,H4
1QKUB,ASP351,178.87307739257812,0,351,H4
1QKUC,ASP351,179.09669494628906,0,351,H4
1R5KA,ASP351,284.6287841796875,1,351,H4
1R5KB,ASP351,291.9170913696289,1,351,H4
1R5KC,ASP351,291.41292572021484,1,351,H4
1SJ0A,ASP351,282.88224029541016,1,351,H4
1XP1A,ASP351,297.6062202453613,1,351,H4
1XP6A,ASP351,295.1756134033203,1,351,H4
1XP9A,ASP351,293.08697509765625,1,351,H4
1XPCA,ASP351,285.99131774902344,1,351,H4
1YIMA,ASP351,294.4207534790039,1,351,H4
1YINA,ASP351,281.87330627441406,1,351,H4
2IOGA,ASP351,286.2387237548828,1,351,H4
2IOKA,ASP351,298.54200744628906,1,351,H4
2IOKB,ASP351,295.44239807128906,1,351,H4
2OUZA,ASP351,288.69354248046875,1,351,H4
2YJAB,ASP351,199.3242645263672,0,351,H4
3DT3A,ASP351,289.1979522705078,1,351,H4
3DT3B,ASP351,292.54174041748047,1,351,H4
3ERDB,ASP351,190.44342041015625,0,351,H4
3ERTA,ASP351,282.22987365722656,1,351,H4
3UUCA,ASP351,297.0882263183594,1,351,H4
3UUCB,ASP351,288.6568908691406,1,351,H4
3UUCC,ASP351,295.3920364379883,1,351,H4
3UUCD,ASP351,296.10983657836914,1,351,H4
5GS4A,ASP351,181.8469390869141,0,351,H4
5GTRA,ASP351,189.5324249267578,0,351,H4
3ERDA,LEU391,162.37210083007812,0,391,H6
1EREA,LEU391,169.86671447753906,0,391,H6
1EREB,LEU391,171.3736572265625,0,391,H6
1EREC,LEU391,166.51666259765625,0,391,H6
1ERED,LEU391,173.13546752929688,0,391,H6
1EREE,LEU391,171.48037719726562,0,391,H6
1EREF,LEU391,170.18751525878906,0,391,H6
1ERRA,LEU391,178.76219177246094,0,391,H6
1ERRB,LEU391,168.2872314453125,0,391,H6
1G50A,LEU391,185.67774963378903,0,391,H6
1G50B,LEU391,164.03488159179688,0,391,H6
1G50C,LEU391,163.43801879882812,0,391,H6
1GWQA,LEU391,167.39816284179688,0,391,H6
1GWQB,LEU391,166.66354370117188,0,391,H6
1GWRA,LEU391,177.7744598388672,0,391,H6
1GWRB,LEU391,181.79351806640625,0,391,H6
1L2IA,LEU391,170.53082275390625,0,391,H6
1L2IB,LEU391,172.0022735595703,0,391,H6
1QKUA,LEU391,174.5,0,391,H6
1QKUB,LEU391,174.91673278808594,0,391,H6
1QKUC,LEU391,174.31954956054688,0,391,H6
1R5KA,LEU391,166.29690551757812,0,391,H6
1R5KB,LEU391,170.716552734375,0,391,H6
1R5KC,LEU391,178.98837280273438,0,391,H6
1SJ0A,LEU391,167.90647888183594,0,391,H6
1XP1A,LEU391,171.94229125976562,0,391,H6
1XP6A,LEU391,174.06320190429688,0,391,H6
1XP9A,LEU391,171.6789093017578,0,391,H6
1XPCA,LEU391,175.16879272460938,0,391,H6
1YIMA,LEU391,172.35198974609375,0,391,H6
1YINA,LEU391,170.29457092285156,0,391,H6
2IOGA,LEU391,174.61517333984375,0,391,H6
2IOKA,LEU391,156.57632446289062,0,391,H6
2IOKB,LEU391,170.40464782714844,0,391,H6
2OUZA,LEU391,169.77825927734375,0,391,H6
2YJAB,LEU391,175.47845458984375,0,391,H6
3DT3A,LEU391,176.4254913330078,0,391,H6
3DT3B,LEU391,170.67942810058594,0,391,H6
3ERDB,LEU391,175.70294189453125,0,391,H6
3ERTA,LEU391,175.33587646484375,0,391,H6
3UUCA,LEU391,168.46670532226562,0,391,H6
3UUCB,LEU391,173.4705810546875,0,391,H6
3UUCC,LEU391,175.390625,0,391,H6
3UUCD,LEU391,176.07101440429688,0,391,H6
5GS4A,LEU391,166.35760498046875,0,391,H6
5GTRA,LEU391,176.35122680664062,0,391,H6
3ERDA,LEU402,295.6348648071289,1,402,S
1EREA,LEU402,301.3055686950684,1,402,S
1EREB,LEU402,300.38670349121094,1,402,S
1EREC,LEU402,305.2375068664551,1,402,S
1ERED,LEU402,301.65636825561523,1,402,S
1EREE,LEU402,301.9304428100586,1,402,S
1EREF,LEU402,302.9020652770996,1,402,S
1ERRA,LEU402,301.2998466491699,1,402,S
1ERRB,LEU402,295.8250045776367,1,402,S
1G50A,LEU402,288.3780899047852,1,402,S
1G50B,LEU402,299.57804107666016,1,402,S
1G50C,LEU402,299.05604553222656,1,402,S
1GWQA,LEU402,290.1148223876953,1,402,S
1GWQB,LEU402,290.8866958618164,1,402,S
1GWRA,LEU402,287.5002212524414,1,402,S
1GWRB,LEU402,293.0139923095703,1,402,S
1L2IA,LEU402,289.0583038330078,1,402,S
1L2IB,LEU402,292.4491500854492,1,402,S
1QKUA,LEU402,300.5161361694336,1,402,S
1QKUB,LEU402,300.78018951416016,1,402,S
1QKUC,LEU402,301.65887451171875,1,402,S
1R5KA,LEU402,296.7199363708496,1,402,S
1R5KB,LEU402,292.9371871948242,1,402,S
1R5KC,LEU402,292.60970306396484,1,402,S
1SJ0A,LEU402,296.0881156921387,1,402,S
1XP1A,LEU402,300.3835868835449,1,402,S
1XP6A,LEU402,293.72608184814453,1,402,S
1XP9A,LEU402,294.83739471435547,1,402,S
1XPCA,LEU402,294.93578338623047,1,402,S
1YIMA,LEU402,296.57087326049805,1,402,S
1YINA,LEU402,294.6469116210937,1,402,S
2IOGA,LEU402,288.4549865722656,1,402,S
2IOKA,LEU402,296.9547996520996,1,402,S
2IOKB,LEU402,300.02246856689453,1,402,S
2OUZA,LEU402,288.2880859375,1,402,S
2YJAB,LEU402,298.5287284851074,1,402,S
3DT3A,LEU402,295.2950439453125,1,402,S
3DT3B,LEU402,295.78355407714844,1,402,S
3ERDB,LEU402,293.30248260498047,1,402,S
3ERTA,LEU402,179.60733032226562,0,402,S
3UUCA,LEU402,289.2742462158203,1,402,S
3UUCB,LEU402,291.37672424316406,1,402,S
3UUCC,LEU402,289.5029525756836,1,402,S
3UUCD,LEU402,285.3618850708008,1,402,S
5GS4A,LEU402,284.4304885864258,1,402,S
5GTRA,LEU402,285.6165542602539,1,402,S
3ERDA,LEU525,185.55679321289065,0,525,H11
1EREA,LEU525,171.7532958984375,0,525,H11
1EREB,LEU525,171.93423461914062,0,525,H11
1EREC,LEU525,173.76419067382812,0,525,H11
1ERED,LEU525,177.04579162597656,0,525,H11
1EREE,LEU525,175.42929077148438,0,525,H11
1EREF,LEU525,174.15101623535156,0,525,H11
1ERRA,LEU525,243.355094909668,1,525,H11
1ERRB,LEU525,249.73503875732425,1,525,H11
1G50A,LEU525,196.11056518554688,0,525,H11
1G50B,LEU525,188.0084686279297,0,525,H11
1G50C,LEU525,188.1677703857422,0,525,H11
1GWQA,LEU525,194.0863494873047,0,525,H11
1GWQB,LEU525,201.14540100097656,0,525,H11
1GWRA,LEU525,189.1767578125,0,525,H11
1GWRB,LEU525,186.3748016357422,0,525,H11
1L2IA,LEU525,182.4356689453125,0,525,H11
1L2IB,LEU525,183.96299743652344,0,525,H11
1QKUA,LEU525,187.9525146484375,0,525,H11
1QKUB,LEU525,188.17752075195312,0,525,H11
1QKUC,LEU525,187.98709106445312,0,525,H11
1R5KA,LEU525,238.1402969360352,1,525,H11
1R5KB,LEU525,249.33574676513672,1,525,H11
1R5KC,LEU525,249.56939697265625,1,525,H11
1SJ0A,LEU525,298.4058609008789,2,525,H11
1XP1A,LEU525,296.2985496520996,2,525,H11
1XP6A,LEU525,292.4199676513672,2,525,H11
1XP9A,LEU525,296.2737808227539,2,525,H11
1XPCA,LEU525,288.109489440918,2,525,H11
1YIMA,LEU525,285.02747344970703,2,525,H11
1YINA,LEU525,279.4497299194336,2,525,H11
2IOGA,LEU525,247.3062515258789,1,525,H11
2IOKA,LEU525,254.30411529541016,1,525,H11
2IOKB,LEU525,259.4855194091797,1,525,H11
2OUZA,LEU525,300.53837966918945,2,525,H11
2YJAB,LEU525,182.4598846435547,0,525,H11
3DT3A,LEU525,292.12489318847656,2,525,H11
3DT3B,LEU525,288.4195556640625,2,525,H11
3ERDB,LEU525,180.0484619140625,0,525,H11
3ERTA,LEU525,161.90966796875,0,525,H11
3UUCA,LEU525,296.9551696777344,2,525,H11
3UUCB,LEU525,297.3566589355469,2,525,H11
3UUCC,LEU525,282.26891326904297,2,525,H11
3UUCD,LEU525,303.9675827026367,2,525,H11
5GS4A,LEU525,183.6791381835937,0,525,H11
5GTRA,LEU525,181.5609741210937,0,525,H11
3ERDA,MET388,286.7633209228516,1,388,H6
1EREA,MET388,311.51390075683594,1,388,H6
1EREB,MET388,307.40284729003906,1,388,H6
1EREC,MET388,309.3617210388184,1,388,H6
1ERED,MET388,315.1966743469238,1,388,H6
1EREE,MET388,312.1387023925781,1,388,H6
1EREF,MET388,312.52490997314453,1,388,H6
1ERRA,MET388,280.7071762084961,1,388,H6
1ERRB,MET388,302.6753921508789,1,388,H6
1G50A,MET388,283.5450897216797,1,388,H6
1G50B,MET388,297.2145805358887,1,388,H6
1G50C,MET388,296.11754989624023,1,388,H6
1GWQA,MET388,271.44136810302734,1,388,H6
1GWQB,MET388,280.3307113647461,1,388,H6
1GWRA,MET388,289.9404830932617,1,388,H6
1GWRB,MET388,284.7750625610352,1,388,H6
1L2IA,MET388,296.40269470214844,1,388,H6
1L2IB,MET388,292.06600189208984,1,388,H6
1QKUA,MET388,293.7584381103516,1,388,H6
1QKUB,MET388,294.65775299072266,1,388,H6
1QKUC,MET388,293.2971267700196,1,388,H6
1R5KA,MET388,276.9494323730469,1,388,H6
1R5KB,MET388,272.89229583740234,1,388,H6
1R5KC,MET388,266.77237701416016,1,388,H6
1SJ0A,MET388,283.2495346069336,1,388,H6
1XP1A,MET388,290.5109329223633,1,388,H6
1XP6A,MET388,286.7823791503906,1,388,H6
1XP9A,MET388,284.6915435791016,1,388,H6
1XPCA,MET388,286.79618072509766,1,388,H6
1YIMA,MET388,281.73865509033203,1,388,H6
1YINA,MET388,282.0239562988281,1,388,H6
2IOGA,MET388,288.5953750610352,1,388,H6
2IOKA,MET388,287.13682556152344,1,388,H6
2IOKB,MET388,280.3327865600586,1,388,H6
2OUZA,MET388,287.0940475463867,1,388,H6
2YJAB,MET388,288.6972045898437,1,388,H6
3DT3A,MET388,289.5611267089844,1,388,H6
3DT3B,MET388,283.3875198364258,1,388,H6
3ERDB,MET388,285.0913314819336,1,388,H6
3ERTA,MET388,190.73228454589844,0,388,H6
3UUCA,MET388,279.91223907470703,1,388,H6
3UUCB,MET388,286.0216064453125,1,388,H6
3UUCC,MET388,285.52703857421875,1,388,H6
3UUCD,MET388,285.0870742797852,1,388,H6
5GS4A,MET388,281.80342864990234,1,388,H6
5GTRA,MET388,312.8125190734863,1,388,H6
3ERDA,LEU384,190.13641357421875,0,384,H6
1EREA,LEU384,187.04600524902344,0,384,H6
1EREB,LEU384,185.7808837890625,0,384,H6
1EREC,LEU384,182.8481292724609,0,384,H6
1ERED,LEU384,185.57470703125,0,384,H6
1EREE,LEU384,187.5683135986328,0,384,H6
1EREF,LEU384,186.38619995117188,0,384,H6
1ERRA,LEU384,194.31985473632807,0,384,H6
1ERRB,LEU384,187.5174560546875,0,384,H6
1G50A,LEU384,187.58053588867188,0,384,H6
1G50B,LEU384,179.09539794921875,0,384,H6
1G50C,LEU384,180.1988067626953,0,384,H6
1GWQA,LEU384,190.17239379882807,0,384,H6
1GWQB,LEU384,192.95420837402344,0,384,H6
1GWRA,LEU384,181.65280151367188,0,384,H6
1GWRB,LEU384,187.20828247070312,0,384,H6
1L2IA,LEU384,189.19248962402344,0,384,H6
1L2IB,LEU384,187.7573699951172,0,384,H6
1QKUA,LEU384,187.5597381591797,0,384,H6
1QKUB,LEU384,186.6438446044922,0,384,H6
1QKUC,LEU384,187.66867065429688,0,384,H6
1R5KA,LEU384,197.4482421875,0,384,H6
1R5KB,LEU384,185.31448364257807,0,384,H6
1R5KC,LEU384,190.0476226806641,0,384,H6
1SJ0A,LEU384,194.02052307128903,0,384,H6
1XP1A,LEU384,184.51934814453125,0,384,H6
1XP6A,LEU384,184.62008666992188,0,384,H6
1XP9A,LEU384,183.32196044921875,0,384,H6
1XPCA,LEU384,184.6935577392578,0,384,H6
1YIMA,LEU384,184.12350463867188,0,384,H6
1YINA,LEU384,188.72091674804688,0,384,H6
2IOGA,LEU384,181.79373168945312,0,384,H6
2IOKA,LEU384,195.1460723876953,0,384,H6
2IOKB,LEU384,193.87213134765625,0,384,H6
2OUZA,LEU384,183.1312561035156,0,384,H6
2YJAB,LEU384,184.86216735839844,0,384,H6
3DT3A,LEU384,190.74110412597656,0,384,H6
3DT3B,LEU384,186.0979156494141,0,384,H6
3ERDB,LEU384,180.5901641845703,0,384,H6
3ERTA,LEU384,290.3310546875,1,384,H6
3UUCA,LEU384,187.9364318847656,0,384,H6
3UUCB,LEU384,188.81553649902344,0,384,H6
3UUCC,LEU384,187.40673828125,0,384,H6
3UUCD,LEU384,195.27545166015625,0,384,H6
5GS4A,LEU384,183.2761993408203,0,384,H6
5GTRA,LEU384,186.0929412841797,0,384,H6
3ERDA,ARG394,310.29552841186523,1,394,H6
1EREA,ARG394,39.43014907836914,0,394,H6
1EREB,ARG394,39.56947326660156,0,394,H6
1EREC,ARG394,43.37566757202149,0,394,H6
1ERED,ARG394,45.72139739990234,0,394,H6
1EREE,ARG394,46.8698616027832,0,394,H6
1EREF,ARG394,40.49629592895508,0,394,H6
1ERRA,ARG394,78.70232391357422,0,394,H6
1ERRB,ARG394,98.03196716308594,0,394,H6
1G50A,ARG394,287.7995300292969,1,394,H6
1G50B,ARG394,295.7125473022461,1,394,H6
1G50C,ARG394,295.1073455810547,1,394,H6
1GWQA,ARG394,287.2291259765625,1,394,H6
1GWQB,ARG394,285.8684158325196,1,394,H6
1GWRA,ARG394,11.657580375671388,0,394,H6
1GWRB,ARG394,306.90830993652344,1,394,H6
1L2IA,ARG394,299.22100830078125,1,394,H6
1L2IB,ARG394,47.56681442260742,0,394,H6
1QKUA,ARG394,288.0695114135742,1,394,H6
1QKUB,ARG394,289.7549362182617,1,394,H6
1QKUC,ARG394,289.2067184448242,1,394,H6
1R5KA,ARG394,302.12840270996094,1,394,H6
1R5KB,ARG394,282.8560791015625,1,394,H6
1R5KC,ARG394,274.01600646972656,1,394,H6
1SJ0A,ARG394,63.58036804199219,0,394,H6
1XP1A,ARG394,41.83915328979492,0,394,H6
1XP6A,ARG394,14.613565444946287,0,394,H6
1XP9A,ARG394,52.1207160949707,0,394,H6
1XPCA,ARG394,52.24113464355469,0,394,H6
1YIMA,ARG394,60.80489730834961,0,394,H6
1YINA,ARG394,61.646427154541016,0,394,H6
2IOGA,ARG394,35.27177810668945,0,394,H6
2IOKA,ARG394,33.82264709472656,0,394,H6
2IOKB,ARG394,36.28364181518555,0,394,H6
2OUZA,ARG394,59.07732009887695,0,394,H6
2YJAB,ARG394,300.2508010864258,1,394,H6
3DT3A,ARG394,294.52002716064453,1,394,H6
3DT3B,ARG394,74.50691223144531,0,394,H6
3ERDB,ARG394,295.64764404296875,1,394,H6
3ERTA,ARG394,299.7159576416016,1,394,H6
3UUCA,ARG394,299.4140434265137,1,394,H6
3UUCB,ARG394,293.19383239746094,1,394,H6
3UUCC,ARG394,304.83557510375977,1,394,H6
3UUCD,ARG394,294.5061721801758,1,394,H6
5GS4A,ARG394,57.59184646606445,0,394,H6
5GTRA,ARG394,301.5939521789551,1,394,H6
3ERDA,LEU349,171.61688232421875,0,349,H4
1EREA,LEU349,179.7860107421875,0,349,H4
1EREB,LEU349,181.8608856201172,0,349,H4
1EREC,LEU349,178.10781860351562,0,349,H4
1ERED,LEU349,179.8467559814453,0,349,H4
1EREE,LEU349,180.46646118164065,0,349,H4
1EREF,LEU349,182.19482421875,0,349,H4
1ERRA,LEU349,175.34373474121094,0,349,H4
1ERRB,LEU349,185.0246124267578,0,349,H4
1G50A,LEU349,185.24806213378903,0,349,H4
1G50B,LEU349,179.49954223632812,0,349,H4
1G50C,LEU349,178.7373046875,0,349,H4
1GWQA,LEU349,177.21035766601562,0,349,H4
1GWQB,LEU349,182.44712829589844,0,349,H4
1GWRA,LEU349,181.6244964599609,0,349,H4
1GWRB,LEU349,184.8980865478516,0,349,H4
1L2IA,LEU349,180.2571716308593,0,349,H4
1L2IB,LEU349,177.3207244873047,0,349,H4
1QKUA,LEU349,186.20899963378903,0,349,H4
1QKUB,LEU349,187.4689483642578,0,349,H4
1QKUC,LEU349,186.287338256836,0,349,H4
1R5KA,LEU349,189.98843383789065,0,349,H4
1R5KB,LEU349,188.8636474609375,0,349,H4
1R5KC,LEU349,191.2910919189453,0,349,H4
1SJ0A,LEU349,199.1654510498047,0,349,H4
1XP1A,LEU349,178.369140625,0,349,H4
1XP6A,LEU349,178.68821716308594,0,349,H4
1XP9A,LEU349,180.2027130126953,0,349,H4
1XPCA,LEU349,184.1546936035156,0,349,H4
1YIMA,LEU349,180.47683715820312,0,349,H4
1YINA,LEU349,186.05274963378903,0,349,H4
2IOGA,LEU349,171.81715393066406,0,349,H4
2IOKA,LEU349,167.0909423828125,0,349,H4
2IOKB,LEU349,148.32931518554688,0,349,H4
2OUZA,LEU349,175.907958984375,0,349,H4
2YJAB,LEU349,183.2066802978516,0,349,H4
3DT3A,LEU349,183.1593780517578,0,349,H4
3DT3B,LEU349,180.05935668945312,0,349,H4
3ERDB,LEU349,181.439682006836,0,349,H4
3ERTA,LEU349,179.8523087935014,0,349,H4
3UUCA,LEU349,181.97506713867188,0,349,H4
3UUCB,LEU349,180.76080322265625,0,349,H4
3UUCC,LEU349,174.8734893798828,0,349,H4
3UUCD,LEU349,175.156005859375,0,349,H4
5GS4A,LEU349,193.53257751464844,0,349,H4
5GTRA,LEU349,181.352767944336,0,349,H4
3ERDA,VAL392,163.7087860107422,0,392,H6
1EREA,VAL392,167.4295654296875,0,392,H6
1EREB,VAL392,167.9423370361328,0,392,H6
1EREC,VAL392,168.66940307617188,0,392,H6
1ERED,VAL392,169.2302703857422,0,392,H6
1EREE,VAL392,171.2279510498047,0,392,H6
1EREF,VAL392,168.7982940673828,0,392,H6
1ERRA,VAL392,163.41893005371094,0,392,H6
1ERRB,VAL392,170.9827117919922,0,392,H6
1G50A,VAL392,157.08465576171875,0,392,H6
1G50B,VAL392,173.5598602294922,0,392,H6
1G50C,VAL392,172.80543518066406,0,392,H6
1GWQA,VAL392,164.90899658203125,0,392,H6
1GWQB,VAL392,165.05618286132812,0,392,H6
1GWRA,VAL392,166.69296264648438,0,392,H6
1GWRB,VAL392,157.6973419189453,0,392,H6
1L2IA,VAL392,170.95391845703125,0,392,H6
1L2IB,VAL392,168.29763793945312,0,392,H6
1QKUA,VAL392,160.97897338867188,0,392,H6
1QKUB,VAL392,162.69085693359375,0,392,H6
1QKUC,VAL392,161.65301513671875,0,392,H6
1R5KA,VAL392,140.59432983398438,0,392,H6
1R5KB,VAL392,143.49412536621094,0,392,H6
1R5KC,VAL392,158.2511749267578,0,392,H6
1SJ0A,VAL392,169.16368103027344,0,392,H6
1XP1A,VAL392,302.6570587158203,1,392,H6
1XP6A,VAL392,301.7645301818848,1,392,H6
1XP9A,VAL392,301.7618522644043,1,392,H6
1XPCA,VAL392,303.5176429748535,1,392,H6
1YIMA,VAL392,301.63806915283203,1,392,H6
1YINA,VAL392,166.16554260253906,0,392,H6
2IOGA,VAL392,295.6294479370117,1,392,H6
2IOKA,VAL392,154.044677734375,0,392,H6
2IOKB,VAL392,158.73141479492188,0,392,H6
2OUZA,VAL392,173.45509338378906,0,392,H6
2YJAB,VAL392,165.05897521972656,0,392,H6
3DT3A,VAL392,168.68978881835938,0,392,H6
3DT3B,VAL392,170.16213989257812,0,392,H6
3ERDB,VAL392,176.11782836914062,0,392,H6
3ERTA,VAL392,164.01107788085938,0,392,H6
3UUCA,VAL392,164.2062530517578,0,392,H6
3UUCB,VAL392,168.15834045410156,0,392,H6
3UUCC,VAL392,164.79342651367188,0,392,H6
3UUCD,VAL392,169.5048828125,0,392,H6
5GS4A,VAL392,157.3221893310547,0,392,H6
5GTRA,VAL392,134.28109741210938,0,392,H6
3ERDA,MET528,287.5104141235352,1,528,H11
1EREA,MET528,274.7507553100586,1,528,H11
1EREB,MET528,269.7990417480469,1,528,H11
1EREC,MET528,273.03770446777344,1,528,H11
1ERED,MET528,275.4640808105469,1,528,H11
1EREE,MET528,273.8378372192383,1,528,H11
1EREF,MET528,274.1524810791016,1,528,H11
1ERRA,MET528,288.2344665527344,1,528,H11
1ERRB,MET528,294.4070587158203,1,528,H11
1G50A,MET528,299.35818099975586,1,528,H11
1G50B,MET528,302.2852554321289,1,528,H11
1G50C,MET528,300.8243598937988,1,528,H11
1GWQA,MET528,301.6695365905762,1,528,H11
1GWQB,MET528,293.6705551147461,1,528,H11
1GWRA,MET528,292.3359680175781,1,528,H11
1GWRB,MET528,298.6911087036133,1,528,H11
1L2IA,MET528,300.31835174560547,1,528,H11
1L2IB,MET528,288.7168273925781,1,528,H11
1QKUA,MET528,302.15092849731445,1,528,H11
1QKUB,MET528,301.3692855834961,1,528,H11
1QKUC,MET528,301.4758377075196,1,528,H11
1R5KA,MET528,284.64874267578125,1,528,H11
1R5KB,MET528,278.70323181152344,1,528,H11
1R5KC,MET528,261.2680435180664,1,528,H11
1SJ0A,MET528,282.97618103027344,1,528,H11
1XP1A,MET528,285.9471969604492,1,528,H11
1XP6A,MET528,322.05864334106445,1,528,H11
1XP9A,MET528,245.4058303833008,1,528,H11
1XPCA,MET528,273.74815368652344,1,528,H11
1YIMA,MET528,27.52120780944824,0,528,H11
1YINA,MET528,284.37398529052734,1,528,H11
2IOGA,MET528,304.222770690918,1,528,H11
2IOKA,MET528,282.02870178222656,1,528,H11
2IOKB,MET528,252.1635063344782,1,528,H11
2OUZA,MET528,77.44438934326172,0,528,H11
2YJAB,MET528,288.9876403808594,1,528,H11
3DT3A,MET528,307.8182182312012,1,528,H11
3DT3B,MET528,295.56373596191406,1,528,H11
3ERDB,MET528,190.1577606201172,0,528,H11
3ERTA,MET528,180.1988067626953,0,528,H11
3UUCA,MET528,308.8525276184082,1,528,H11
3UUCB,MET528,277.0374450683594,1,528,H11
3UUCC,MET528,67.14994812011719,0,528,H11
3UUCD,MET528,317.98785400390625,1,528,H11
5GS4A,MET528,290.28304290771484,1,528,H11
5GTRA,MET528,316.300048828125,1,528,H11
3ERDA,LYS520,300.0344772338867,1,520,H11
1EREA,LYS520,315.8779106140137,1,520,H11
1EREB,LYS520,316.8807563781738,1,520,H11
1EREC,LYS520,316.0726928710937,1,520,H11
1ERED,LYS520,314.5495834350586,1,520,H11
1EREE,LYS520,320.2332458496094,1,520,H11
1EREF,LYS520,316.1289291381836,1,520,H11
1ERRA,LYS520,283.64574432373047,1,520,H11
1ERRB,LYS520,297.8471031188965,1,520,H11
1G50A,LYS520,297.4987983703613,1,520,H11
1G50B,LYS520,294.66294860839844,1,520,H11
1G50C,LYS520,293.1006546020508,1,520,H11
1GWQA,LYS520,295.7663040161133,1,520,H11
1GWQB,LYS520,293.8613586425781,1,520,H11
1GWRA,LYS520,282.6999053955078,1,520,H11
1GWRB,LYS520,298.2999839782715,1,520,H11
1L2IA,LYS520,303.6789131164551,1,520,H11
1L2IB,LYS520,291.23096466064453,1,520,H11
1QKUA,LYS520,287.43152618408203,1,520,H11
1QKUB,LYS520,288.2314910888672,1,520,H11
1QKUC,LYS520,287.1980895996094,1,520,H11
1R5KA,LYS520,257.7721939086914,0,520,H11
1R5KB,LYS520,239.28707885742188,0,520,H11
1R5KC,LYS520,242.5195159912109,0,520,H11
1SJ0A,LYS520,295.36253356933594,1,520,H11
1XP1A,LYS520,293.0462646484375,1,520,H11
1XP6A,LYS520,294.7024688720703,1,520,H11
1XP9A,LYS520,291.81729888916016,1,520,H11
1XPCA,LYS520,296.12856674194336,1,520,H11
1YIMA,LYS520,291.91015625,1,520,H11
1YINA,LYS520,286.8512496948242,1,520,H11
2IOGA,LYS520,287.30078125,1,520,H11
2IOKA,LYS520,203.9933319091797,0,520,H11
2IOKB,LYS520,220.9234771728516,0,520,H11
2OUZA,LYS520,297.3148384094238,1,520,H11
2YJAB,LYS520,295.8910827636719,1,520,H11
3DT3A,LYS520,306.30948638916016,1,520,H11
3DT3B,LYS520,284.6272735595703,1,520,H11
3ERDB,LYS520,203.1266326904297,0,520,H11
3ERTA,LYS520,275.70446222478694,1,520,H11
3UUCA,LYS520,306.2650604248047,1,520,H11
3UUCB,LYS520,295.6930465698242,1,520,H11
3UUCC,LYS520,302.6732368469238,1,520,H11
3UUCD,LYS520,189.5074615478516,0,520,H11
5GS4A,LYS520,306.86398696899414,1,520,H11
5GTRA,LYS520,304.6966133117676,1,520,H11
3ERDA,MET522,204.88687133789065,0,522,H11
1EREA,MET522,325.03760147094727,1,522,H11
1EREB,MET522,321.25262451171875,1,522,H11
1EREC,MET522,326.8634223937988,1,522,H11
1ERED,MET522,329.3908462524414,1,522,H11
1EREE,MET522,328.2079315185547,1,522,H11
1EREF,MET522,327.8524932861328,1,522,H11
1ERRA,MET522,277.5191650390625,1,522,H11
1ERRB,MET522,298.55102157592773,1,522,H11
1G50A,MET522,197.6859436035156,0,522,H11
1G50B,MET522,194.77407836914065,0,522,H11
1G50C,MET522,195.59738159179688,0,522,H11
1GWQA,MET522,217.02005004882807,0,522,H11
1GWQB,MET522,296.07765197753906,1,522,H11
1GWRA,MET522,296.65422439575195,1,522,H11
1GWRB,MET522,312.89377212524414,1,522,H11
1L2IA,MET522,210.2455139160156,0,522,H11
1L2IB,MET522,205.6588134765625,0,522,H11
1QKUA,MET522,189.52584838867188,0,522,H11
1QKUB,MET522,188.99563598632807,0,522,H11
1QKUC,MET522,190.2441253662109,0,522,H11
1R5KA,MET522,298.4065628051758,1,522,H11
1R5KB,MET522,219.8494415283203,0,522,H11
1R5KC,MET522,218.5772857666016,0,522,H11
1SJ0A,MET522,282.90409088134766,1,522,H11
1XP1A,MET522,294.1056594848633,1,522,H11
1XP6A,MET522,291.57213592529297,1,522,H11
1XP9A,MET522,283.8912887573242,1,522,H11
1XPCA,MET522,288.6425476074219,1,522,H11
1YIMA,MET522,286.5559997558594,1,522,H11
1YINA,MET522,323.44507217407227,1,522,H11
2IOGA,MET522,297.0792121887207,1,522,H11
2IOKA,MET522,279.4042739868164,1,522,H11
2IOKB,MET522,280.2098388671875,1,522,H11
2OUZA,MET522,285.28588104248047,1,522,H11
2YJAB,MET522,210.70455932617188,0,522,H11
3DT3A,MET522,298.2371253967285,1,522,H11
3DT3B,MET522,296.8478660583496,1,522,H11
3ERDB,MET522,288.60587310791016,1,522,H11
3ERTA,MET522,292.67822265625,1,522,H11
3UUCA,MET522,205.5128326416016,0,522,H11
3UUCB,MET522,206.5158233642578,0,522,H11
3UUCC,MET522,211.3666229248047,0,522,H11
3UUCD,MET522,292.45301818847656,1,522,H11
5GS4A,MET522,208.06398010253903,0,522,H11
5GTRA,MET522,202.693588256836,0,522,H11
3ERDA,ASN348,180.0,0,348,H4
1EREA,ASN348,176.22560119628906,0,348,H4
1EREB,ASN348,174.7714080810547,0,348,H4
1EREC,ASN348,174.2633819580078,0,348,H4
1ERED,ASN348,174.54238891601562,0,348,H4
1EREE,ASN348,175.54112243652344,0,348,H4
1EREF,ASN348,174.55712890625,0,348,H4
1ERRA,ASN348,176.06175231933594,0,348,H4
1ERRB,ASN348,166.06939697265625,0,348,H4
1G50A,ASN348,177.79611206054688,0,348,H4
1G50B,ASN348,156.8757781982422,0,348,H4
1G50C,ASN348,156.7327880859375,0,348,H4
1GWQA,ASN348,173.7288055419922,0,348,H4
1GWQB,ASN348,171.2814483642578,0,348,H4
1GWRA,ASN348,172.67486572265625,0,348,H4
1GWRB,ASN348,178.60659790039062,0,348,H4
1L2IA,ASN348,175.50433349609375,0,348,H4
1L2IB,ASN348,176.41357421875,0,348,H4
1QKUA,ASN348,174.48924255371094,0,348,H4
1QKUB,ASN348,173.91006469726562,0,348,H4
1QKUC,ASN348,174.26889038085938,0,348,H4
1R5KA,ASN348,186.6944580078125,0,348,H4
1R5KB,ASN348,179.43698120117188,0,348,H4
1R5KC,ASN348,188.7627716064453,0,348,H4
1SJ0A,ASN348,265.0995559692383,1,348,H4
1XP1A,ASN348,275.80555725097656,1,348,H4
1XP6A,ASN348,276.3751220703125,1,348,H4
1XP9A,ASN348,277.4218063354492,1,348,H4
1XPCA,ASN348,282.5376663208008,1,348,H4
1YIMA,ASN348,253.24156951904297,1,348,H4
1YINA,ASN348,274.4780502319336,1,348,H4
2IOGA,ASN348,277.4271697998047,1,348,H4
2IOKA,ASN348,188.62716674804688,0,348,H4
2IOKB,ASN348,205.2884826660156,0,348,H4
2OUZA,ASN348,174.6048583984375,0,348,H4
2YJAB,ASN348,176.6962432861328,0,348,H4
3DT3A,ASN348,181.9290466308593,0,348,H4
3DT3B,ASN348,178.5804443359375,0,348,H4
3ERDB,ASN348,186.5685272216797,0,348,H4
3ERTA,ASN348,180.10653686523438,0,348,H4
3UUCA,ASN348,172.017333984375,0,348,H4
3UUCB,ASN348,166.67156982421875,0,348,H4
3UUCC,ASN348,178.83786010742188,0,348,H4
3UUCD,ASN348,175.22865295410156,0,348,H4
5GS4A,ASN348,182.68292236328125,0,348,H4
5GTRA,ASN348,167.5660400390625,0,348,H4
3ERDA,LEU345,295.0945587158203,1,345,H4
1EREA,LEU345,293.20733642578125,1,345,H4
1EREB,LEU345,290.74888610839844,1,345,H4
1EREC,LEU345,294.4582748413086,1,345,H4
1ERED,LEU345,286.7804641723633,1,345,H4
1EREE,LEU345,290.4472351074219,1,345,H4
1EREF,LEU345,289.37950134277344,1,345,H4
1ERRA,LEU345,299.0991973876953,1,345,H4
1ERRB,LEU345,280.732421875,1,345,H4
1G50A,LEU345,284.28490447998047,1,345,H4
1G50B,LEU345,216.8154144287109,0,345,H4
1G50C,LEU345,216.4058532714844,0,345,H4
1GWQA,LEU345,287.136833190918,1,345,H4
1GWQB,LEU345,299.0606918334961,1,345,H4
1GWRA,LEU345,304.4340286254883,1,345,H4
1GWRB,LEU345,300.2282905578613,1,345,H4
1L2IA,LEU345,271.6603012084961,1,345,H4
1L2IB,LEU345,291.0614318847656,1,345,H4
1QKUA,LEU345,211.0212860107422,0,345,H4
1QKUB,LEU345,210.42091369628903,0,345,H4
1QKUC,LEU345,210.2724609375,0,345,H4
1R5KA,LEU345,296.4288749694824,1,345,H4
1R5KB,LEU345,299.9539489746094,1,345,H4
1R5KC,LEU345,271.9649429321289,1,345,H4
1SJ0A,LEU345,275.2460708618164,1,345,H4
1XP1A,LEU345,276.1705780029297,1,345,H4
1XP6A,LEU345,277.0577621459961,1,345,H4
1XP9A,LEU345,283.31624603271484,1,345,H4
1XPCA,LEU345,279.6844711303711,1,345,H4
1YIMA,LEU345,270.7532043457031,1,345,H4
1YINA,LEU345,276.6482925415039,1,345,H4
2IOGA,LEU345,283.85030364990234,1,345,H4
2IOKA,LEU345,236.3174285888672,0,345,H4
2IOKB,LEU345,224.24620056152344,0,345,H4
2OUZA,LEU345,295.13970947265625,1,345,H4
2YJAB,LEU345,275.9939956665039,1,345,H4
3DT3A,LEU345,290.2708969116211,1,345,H4
3DT3B,LEU345,294.19679260253906,1,345,H4
3ERDB,LEU345,291.69639587402344,1,345,H4
3ERTA,LEU345,296.56235122680664,1,345,H4
3UUCA,LEU345,289.3027038574219,1,345,H4
3UUCB,LEU345,218.4486083984375,0,345,H4
3UUCC,LEU345,298.30481338500977,1,345,H4
3UUCD,LEU345,268.8594436645508,1,345,H4
5GS4A,LEU345,188.79049682617188,0,345,H4
5GTRA,LEU345,212.2144012451172,0,345,H4
3ERDA,VAL418,166.56838989257812,1,418,S
1EREA,VAL418,176.56954956054688,1,418,S
1EREB,VAL418,176.17709350585938,1,418,S
1EREC,VAL418,175.80552673339844,1,418,S
1ERED,VAL418,174.4965362548828,1,418,S
1EREE,VAL418,175.38186645507812,1,418,S
1EREF,VAL418,175.92483520507812,1,418,S
1ERRA,VAL418,184.94485473632807,1,418,S
1ERRB,VAL418,197.5709381103516,1,418,S
1G50A,VAL418,181.4063873291016,1,418,S
1G50B,VAL418,179.5227508544922,1,418,S
1G50C,VAL418,178.73158264160156,1,418,S
1GWQA,VAL418,185.070556640625,1,418,S
1GWQB,VAL418,179.96572875976562,1,418,S
1GWRA,VAL418,174.5852813720703,1,418,S
1GWRB,VAL418,175.58558654785156,1,418,S
1L2IA,VAL418,175.34556579589844,1,418,S
1L2IB,VAL418,173.21250915527344,1,418,S
1QKUA,VAL418,182.2591552734375,1,418,S
1QKUB,VAL418,182.89292907714844,1,418,S
1QKUC,VAL418,182.77163696289065,1,418,S
1R5KA,VAL418,19.6470947265625,0,418,S
1R5KB,VAL418,178.4769744873047,1,418,S
1R5KC,VAL418,173.3140106201172,1,418,S
1SJ0A,VAL418,23.921772003173828,0,418,S
1XP1A,VAL418,167.3571014404297,1,418,S
1XP6A,VAL418,176.2057342529297,1,418,S
1XP9A,VAL418,177.9749298095703,1,418,S
1XPCA,VAL418,176.5465087890625,1,418,S
1YIMA,VAL418,172.06048583984375,1,418,S
1YINA,VAL418,175.69488525390625,1,418,S
2IOGA,VAL418,182.9303131103516,1,418,S
2IOKA,VAL418,180.4135284423828,1,418,S
2IOKB,VAL418,181.1479034423828,1,418,S
2OUZA,VAL418,221.4713897705078,1,418,S
2YJAB,VAL418,174.8898162841797,1,418,S
3DT3A,VAL418,180.21121215820312,1,418,S
3DT3B,VAL418,186.0977935791016,1,418,S
3ERDB,VAL418,177.0186309814453,1,418,S
3ERTA,VAL418,64.05192565917969,0,418,S
3UUCA,VAL418,153.58998260498046,1,418,S
3UUCB,VAL418,153.58998260498046,1,418,S
3UUCC,VAL418,51.76029586791992,0,418,S
3UUCD,VAL418,153.58998260498046,1,418,S
5GS4A,VAL418,185.31961059570312,1,418,S
5GTRA,VAL418,213.0509185791016,1,418,S
3ERDA,ILE389,193.35623168945312,0,389,H6
1EREA,ILE389,188.81304931640625,0,389,H6
1EREB,ILE389,186.761474609375,0,389,H6
1EREC,ILE389,184.3934783935547,0,389,H6
1ERED,ILE389,189.111083984375,0,389,H6
1EREE,ILE389,186.6546325683593,0,389,H6
1EREF,ILE389,185.4544677734375,0,389,H6
1ERRA,ILE389,213.08338928222656,0,389,H6
1ERRB,ILE389,212.2937927246093,0,389,H6
1G50A,ILE389,183.2353057861328,0,389,H6
1G50B,ILE389,192.50665283203125,0,389,H6
1G50C,ILE389,192.175537109375,0,389,H6
1GWQA,ILE389,191.9750823974609,0,389,H6
1GWQB,ILE389,189.592025756836,0,389,H6
1GWRA,ILE389,187.338134765625,0,389,H6
1GWRB,ILE389,199.12782287597656,0,389,H6
1L2IA,ILE389,197.4850616455078,0,389,H6
1L2IB,ILE389,195.6456451416016,0,389,H6
1QKUA,ILE389,187.8410186767578,0,389,H6
1QKUB,ILE389,189.22219848632807,0,389,H6
1QKUC,ILE389,189.3048095703125,0,389,H6
1R5KA,ILE389,194.67770385742188,0,389,H6
1R5KB,ILE389,194.3847198486328,0,389,H6
1R5KC,ILE389,190.8424224853516,0,389,H6
1SJ0A,ILE389,196.1747436523437,0,389,H6
1XP1A,ILE389,190.42694091796875,0,389,H6
1XP6A,ILE389,193.3677673339844,0,389,H6
1XP9A,ILE389,195.3411865234375,0,389,H6
1XPCA,ILE389,194.79042053222656,0,389,H6
1YIMA,ILE389,192.60647583007807,0,389,H6
1YINA,ILE389,193.660888671875,0,389,H6
2IOGA,ILE389,194.06007385253903,0,389,H6
2IOKA,ILE389,181.168685913086,0,389,H6
2IOKB,ILE389,182.33924865722656,0,389,H6
2OUZA,ILE389,198.1243896484375,0,389,H6
2YJAB,ILE389,201.0086669921875,0,389,H6
3DT3A,ILE389,198.271728515625,0,389,H6
3DT3B,ILE389,201.130599975586,0,389,H6
3ERDB,ILE389,187.5540008544922,0,389,H6
3ERTA,ILE389,195.40047801624644,0,389,H6
3UUCA,ILE389,198.9285888671875,0,389,H6
3UUCB,ILE389,193.68711853027344,0,389,H6
3UUCC,ILE389,196.8191680908203,0,389,H6
3UUCD,ILE389,192.6304626464844,0,389,H6
5GS4A,ILE389,197.0033416748047,0,389,H6
5GTRA,ILE389,193.06686401367188,0,389,H6
3ERDA,TYR526,190.80259704589844,1,526,H11
1EREA,TYR526,185.2645874023437,1,526,H11
1EREB,TYR526,182.55642700195312,1,526,H11
1EREC,TYR526,183.5277099609375,1,526,H11
1ERED,TYR526,185.5959014892578,1,526,H11
1EREE,TYR526,184.657958984375,1,526,H11
1EREF,TYR526,184.93728637695312,1,526,H11
1ERRA,TYR526,294.2921371459961,2,526,H11
1ERRB,TYR526,296.6901168823242,2,526,H11
1G50A,TYR526,180.13121032714844,1,526,H11
1G50B,TYR526,179.01304626464844,1,526,H11
1G50C,TYR526,178.6132354736328,1,526,H11
1GWQA,TYR526,189.59364318847656,1,526,H11
1GWQB,TYR526,116.74651336669922,0,526,H11
1GWRA,TYR526,173.12059020996094,1,526,H11
1GWRB,TYR526,183.15945434570312,1,526,H11
1L2IA,TYR526,74.63401794433594,0,526,H11
1L2IB,TYR526,186.22390747070312,1,526,H11
1QKUA,TYR526,179.83448791503906,1,526,H11
1QKUB,TYR526,181.0599822998047,1,526,H11
1QKUC,TYR526,180.98992919921875,1,526,H11
1R5KA,TYR526,167.8280029296875,1,526,H11
1R5KB,TYR526,177.923583984375,1,526,H11
1R5KC,TYR526,170.2354278564453,1,526,H11
1SJ0A,TYR526,294.17569732666016,2,526,H11
1XP1A,TYR526,182.68299865722656,1,526,H11
1XP6A,TYR526,285.2078170776367,2,526,H11
1XP9A,TYR526,279.6620178222656,2,526,H11
1XPCA,TYR526,283.5470352172852,2,526,H11
1YIMA,TYR526,276.9367370605469,2,526,H11
1YINA,TYR526,304.1852493286133,2,526,H11
2IOGA,TYR526,299.2926902770996,2,526,H11
2IOKA,TYR526,239.9686889648437,2,526,H11
2IOKB,TYR526,252.18600463867188,2,526,H11
2OUZA,TYR526,264.2321014404297,2,526,H11
2YJAB,TYR526,183.9652557373047,1,526,H11
3DT3A,TYR526,287.97936248779297,2,526,H11
3DT3B,TYR526,294.7498092651367,2,526,H11
3ERDB,TYR526,190.52783203125,1,526,H11
3ERTA,TYR526,67.58285522460938,0,526,H11
3UUCA,TYR526,281.98380279541016,2,526,H11
3UUCB,TYR526,84.83493041992188,0,526,H11
3UUCC,TYR526,208.04513549804688,1,526,H11
3UUCD,TYR526,299.892032623291,2,526,H11
5GS4A,TYR526,182.20567321777344,1,526,H11
5GTRA,TYR526,171.96905517578125,1,526,H11
3ERDA,LEU540,179.57571411132812,0,540,H12
1EREA,LEU540,182.1669921875,0,540,H12
1EREB,LEU540,182.10171508789065,0,540,H12
1EREC,LEU540,182.92501831054688,0,540,H12
1ERED,LEU540,183.39187622070312,0,540,H12
1EREE,LEU540,185.7110290527344,0,540,H12
1EREF,LEU540,183.1014709472656,0,540,H12
1ERRA,LEU540,293.2378921508789,1,540,H12
1ERRB,LEU540,307.4317741394043,1,540,H12
1G50A,LEU540,186.02003479003903,0,540,H12
1G50B,LEU540,181.1666717529297,0,540,H12
1G50C,LEU540,181.1626434326172,0,540,H12
1GWQA,LEU540,173.28662109375,0,540,H12
1GWQB,LEU540,164.51339721679688,0,540,H12
1GWRA,LEU540,181.0642242431641,0,540,H12
1GWRB,LEU540,168.96263122558594,0,540,H12
1L2IA,LEU540,179.01841735839844,0,540,H12
1L2IB,LEU540,178.44342041015625,0,540,H12
1QKUA,LEU540,188.4105987548828,0,540,H12
1QKUB,LEU540,187.95068359375,0,540,H12
1QKUC,LEU540,188.3319854736328,0,540,H12
1R5KA,LEU540,212.41050720214844,0,540,H12
1R5KB,LEU540,212.3684997558593,0,540,H12
1R5KC,LEU540,253.6188507080078,1,540,H12
1SJ0A,LEU540,285.4573745727539,1,540,H12
1XP1A,LEU540,283.1468811035156,1,540,H12
1XP6A,LEU540,286.2435913085937,1,540,H12
1XP9A,LEU540,287.9338455200196,1,540,H12
1XPCA,LEU540,290.64306640625,1,540,H12
1YIMA,LEU540,288.0184860229492,1,540,H12
1YINA,LEU540,288.37916564941406,1,540,H12
2IOGA,LEU540,292.8833541870117,1,540,H12
2IOKA,LEU540,324.45877838134766,1,540,H12
2IOKB,LEU540,318.33056640625,1,540,H12
2OUZA,LEU540,264.0657424926758,1,540,H12
2YJAB,LEU540,179.65225219726562,0,540,H12
3DT3A,LEU540,292.60091400146484,1,540,H12
3DT3B,LEU540,285.51544189453125,1,540,H12
3ERDB,LEU540,180.0,0,540,H12
3ERTA,LEU540,192.66824340820312,0,540,H12
3UUCA,LEU540,193.36105346679688,0,540,H12
3UUCB,LEU540,300.4359016418457,1,540,H12
3UUCC,LEU540,298.107536315918,1,540,H12
3UUCD,LEU540,295.42208099365234,1,540,H12
5GS4A,LEU540,170.65066528320312,0,540,H12
5GTRA,LEU540,187.7636108398437,0,540,H12
3ERDA,ILE386,290.8656005859375,0,386,H6
1EREA,ILE386,316.4397659301758,0,386,H6
1EREB,ILE386,313.553466796875,0,386,H6
1EREC,ILE386,314.2716598510742,0,386,H6
1ERED,ILE386,313.3912467956543,0,386,H6
1EREE,ILE386,312.9267807006836,0,386,H6
1EREF,ILE386,313.44829177856445,0,386,H6
1ERRA,ILE386,297.7779884338379,0,386,H6
1ERRB,ILE386,292.45391845703125,0,386,H6
1G50A,ILE386,294.61800384521484,0,386,H6
1G50B,ILE386,301.65013885498047,0,386,H6
1G50C,ILE386,300.2144317626953,0,386,H6
1GWQA,ILE386,309.7775421142578,0,386,H6
1GWQB,ILE386,305.89395904541016,0,386,H6
1GWRA,ILE386,309.2336616516113,0,386,H6
1GWRB,ILE386,299.798526763916,0,386,H6
1L2IA,ILE386,290.4741973876953,0,386,H6
1L2IB,ILE386,289.34996795654297,0,386,H6
1QKUA,ILE386,297.5326538085937,0,386,H6
1QKUB,ILE386,299.158260345459,0,386,H6
1QKUC,ILE386,297.4848098754883,0,386,H6
1R5KA,ILE386,293.65843200683594,0,386,H6
1R5KB,ILE386,288.9079818725586,0,386,H6
1R5KC,ILE386,283.80918884277344,0,386,H6
1SJ0A,ILE386,291.606559753418,0,386,H6
1XP1A,ILE386,288.657958984375,0,386,H6
1XP6A,ILE386,293.46610260009766,0,386,H6
1XP9A,ILE386,293.3693923950196,0,386,H6
1XPCA,ILE386,294.2028121948242,0,386,H6
1YIMA,ILE386,292.22713470458984,0,386,H6
1YINA,ILE386,284.5282440185547,0,386,H6
2IOGA,ILE386,294.882926940918,0,386,H6
2IOKA,ILE386,284.96729278564453,0,386,H6
2IOKB,ILE386,292.36219024658203,0,386,H6
2OUZA,ILE386,295.4711608886719,0,386,H6
2YJAB,ILE386,295.3062057495117,0,386,H6
3DT3A,ILE386,293.7844543457031,0,386,H6
3DT3B,ILE386,286.36551666259766,0,386,H6
3ERDB,ILE386,295.97496795654297,0,386,H6
3ERTA,ILE386,295.5764389038086,0,386,H6
3UUCA,ILE386,300.8743591308594,0,386,H6
3UUCB,ILE386,299.54837799072266,0,386,H6
3UUCC,ILE386,294.71726989746094,0,386,H6
3UUCD,ILE386,294.1737747192383,0,386,H6
5GS4A,ILE386,286.1875305175781,0,386,H6
5GTRA,ILE386,309.8281898498535,0,386,H6
